shot,start_frame,end_frame_exclusive,method,tool,seed,prompt,retries,source,samples,notes
S01,0,34,A+C,Codex image_gen; deterministic Canvas2D/three.js; minimax/h3-max/image-to-video,2026100011,"Cinematic modern anime feature-film cel animation, clean confident linework, soft cel shading and painterly luminous backgrounds. Preserve exact identities, anatomy, costumes, objects, composition and lighting from the source. No text, letters, numbers, logos or watermarks; screens, brooches and tags stay blank. One continuous shot, no cuts, no face morphing, no extra limbs. Camera locked for this source pass; the authored camera move is added in compositing. Extreme macro eye behind round glasses: a tiny natural shift of focus toward the reflected blank screen, quiet tired breath, no full blink obscuring the eye. Keep glasses geometry and screen reflection stable.",1,assets/motion/S01_take1.mp4,8,
S02,34,85,C,Codex image_gen; deterministic Canvas2D/three.js,not exposed for Codex images; RT.hash01 for code,See production/image-prompts*.json and plan shot specification,0,assets/plates and code; see scene.js,8,
S03,85,128,A+B+C,Codex image_gen; deterministic Canvas2D/three.js; minimax/h3-max/image-to-video,2026100032,"Cinematic modern anime feature-film cel animation, clean confident linework, soft cel shading and painterly luminous backgrounds. Preserve exact identities, anatomy, costumes, objects, composition and lighting from the source. No text, letters, numbers, logos or watermarks; screens, brooches and tags stay blank. One continuous shot, no cuts, no face morphing, no extra limbs. Camera locked for this source pass; the authored camera move is added in compositing. The tired developer remains slumped at her desk, exhales, then lifts her head only slightly toward the monitor. Very underplayed acting; a small shoulder movement. Rain runs slowly down glass. Room furniture stays perfectly still. Keep the performance especially restrained and the background stable.",1,assets/motion/S03_take2.mp4,8,
S04,128,157,A,Codex image_gen; deterministic Canvas2D/three.js; minimax/h3-max/image-to-video,2026100042,"Cinematic modern anime feature-film cel animation, clean confident linework, soft cel shading and painterly luminous backgrounds. Preserve exact identities, anatomy, costumes, objects, composition and lighting from the source. No text, letters, numbers, logos or watermarks; screens, brooches and tags stay blank. One continuous shot, no cuts, no face morphing, no extra limbs. Camera locked for this source pass; the authored camera move is added in compositing. She takes one small sip through the milk-tea straw, gently pushes the chair back with the other hand and lets her shoulders relax. Keep both hands anatomically clean with five fingers. No exaggerated gesture. Keep the performance especially restrained and the background stable.",1,assets/motion/S04_take2.mp4,8,
S05,157,196,A+C,Codex image_gen; deterministic Canvas2D/three.js; minimax/h3-max/image-to-video,2026100052,"Cinematic modern anime feature-film cel animation, clean confident linework, soft cel shading and painterly luminous backgrounds. Preserve exact identities, anatomy, costumes, objects, composition and lighting from the source. No text, letters, numbers, logos or watermarks; screens, brooches and tags stay blank. One continuous shot, no cuts, no face morphing, no extra limbs. Camera locked for this source pass; the authored camera move is added in compositing. The developer gives one small warm laugh of disbelief at her blank computer screen, cheeks lift and eyes brighten behind glasses. Her hand stays by her cheek. Screen and hardware must stay fixed and blank. Keep the performance especially restrained and the background stable.",1,assets/motion/S05_take2.mp4,8,
S06,196,225,C,Codex image_gen; deterministic Canvas2D/three.js,not exposed for Codex images; RT.hash01 for code,See production/image-prompts*.json and plan shot specification,0,assets/plates and code; see scene.js,12,
S07,225,253,B+C,Codex image_gen; deterministic Canvas2D/three.js,not exposed for Codex images; RT.hash01 for code,See production/image-prompts*.json and plan shot specification,0,assets/plates and code; see scene.js,12,
S08,253,284,B+C,Codex image_gen; deterministic Canvas2D/three.js,not exposed for Codex images; RT.hash01 for code,See production/image-prompts*.json and plan shot specification,0,assets/plates and code; see scene.js,12,
S09,284,305,B+C,Codex image_gen; deterministic Canvas2D/three.js,not exposed for Codex images; RT.hash01 for code,See production/image-prompts*.json and plan shot specification,0,assets/plates and code; see scene.js,12,
S10,305,319,B+C,Codex image_gen; deterministic Canvas2D/three.js,not exposed for Codex images; RT.hash01 for code,See production/image-prompts*.json and plan shot specification,0,assets/plates and code; see scene.js,12,
S11,319,327,B+C,Codex image_gen; deterministic Canvas2D/three.js,not exposed for Codex images; RT.hash01 for code,See production/image-prompts*.json and plan shot specification,0,assets/plates and code; see scene.js,12,
S12,327,338,C,Codex image_gen; deterministic Canvas2D/three.js,not exposed for Codex images; RT.hash01 for code,See production/image-prompts*.json and plan shot specification,0,assets/plates and code; see scene.js,12,
S13,338,358,C,Codex image_gen; deterministic Canvas2D/three.js,not exposed for Codex images; RT.hash01 for code,See production/image-prompts*.json and plan shot specification,0,assets/plates and code; see scene.js,1,
S14,358,379,C,Codex image_gen; deterministic Canvas2D/three.js,not exposed for Codex images; RT.hash01 for code,See production/image-prompts*.json and plan shot specification,0,assets/plates and code; see scene.js,12,Two pure-white frames; official-vector title slam
S15,379,411,B+C,Codex image_gen; deterministic Canvas2D/three.js,not exposed for Codex images; RT.hash01 for code,See production/image-prompts*.json and plan shot specification,0,assets/plates and code; see scene.js,12,
S16,411,439,A+B+C,Codex image_gen; deterministic Canvas2D/three.js; minimax/h3-max/image-to-video,2026100161,"Cinematic modern anime feature-film cel animation, clean confident linework, soft cel shading and painterly luminous backgrounds. Preserve exact identities, anatomy, costumes, objects, composition and lighting from the source. No text, letters, numbers, logos or watermarks; screens, brooches and tags stay blank. One continuous shot, no cuts, no face morphing, no extra limbs. Camera locked for this source pass; the authored camera move is added in compositing. The anime girl floats in the ivory light column, shy awe on her face. Her two very long coral-to-cream twin-tails gently unfurl and drift, sash follows through. Body rises only slightly, bare feet relaxed. Floating blank papers and keycaps remain nearly frozen. Keep night outside.",1,assets/motion/S16_take1.mp4,8,Depth dolly-zoom; follow binding near-to-far camera specification
S17,439,472,A+C,Codex image_gen; deterministic Canvas2D/three.js; minimax/h3-max/image-to-video,2026100171,"Cinematic modern anime feature-film cel animation, clean confident linework, soft cel shading and painterly luminous backgrounds. Preserve exact identities, anatomy, costumes, objects, composition and lighting from the source. No text, letters, numbers, logos or watermarks; screens, brooches and tags stay blank. One continuous shot, no cuts, no face morphing, no extra limbs. Camera locked for this source pass; the authored camera move is added in compositing. Her first breath: lips part softly, she inhales with a tiny natural chest rise, holds a moment, then releases a gentle breath. Hair follows with a light outward drift. Keep amber-coral eyes and face completely consistent; underplayed awe. No exaggerated singing.",1,assets/motion/S17_take1.mp4,8,
S18,472,492,A+C,Codex image_gen; deterministic Canvas2D/three.js; minimax/h3-max/image-to-video,2026100182,"Cinematic modern anime feature-film cel animation, clean confident linework, soft cel shading and painterly luminous backgrounds. Preserve exact identities, anatomy, costumes, objects, composition and lighting from the source. No text, letters, numbers, logos or watermarks; screens, brooches and tags stay blank. One continuous shot, no cuts, no face morphing, no extra limbs. Camera locked for this source pass; the authored camera move is added in compositing. The already shattered window ring expands OUTWARD away from the room, glass fragments becoming delicate coral sparks, rain glitters. Keep room geometry intact, no new people or objects. Strong spatial depth and smooth particle motion. Keep the performance especially restrained and the background stable.",1,assets/motion/S18_take2.mp4,8,
S19,492,528,A+B+C,Codex image_gen; deterministic Canvas2D/three.js; minimax/h3-max/image-to-video,2026100161,"Cinematic modern anime feature-film cel animation, clean confident linework, soft cel shading and painterly luminous backgrounds. Preserve exact identities, anatomy, costumes, objects, composition and lighting from the source. No text, letters, numbers, logos or watermarks; screens, brooches and tags stay blank. One continuous shot, no cuts, no face morphing, no extra limbs. Camera locked for this source pass; the authored camera move is added in compositing. The anime girl floats in the ivory light column, shy awe on her face. Her two very long coral-to-cream twin-tails gently unfurl and drift, sash follows through. Body rises only slightly, bare feet relaxed. Floating blank papers and keycaps remain nearly frozen. Keep night outside.",1,assets/motion/S16_take1.mp4,8,
S20,528,560,A+B+C,Codex image_gen; deterministic Canvas2D/three.js; minimax/h3-max/image-to-video,2026100420,"Cinematic modern anime feature-film cel animation. A single continuous macro shot of the same bare right foot lowering a few centimetres onto wet balcony tiles. Elegant 240-fps-style slow motion: toes settle gently, then the ball of the foot makes contact, producing one delicate coral ripple. The blank round gold ankle charm swings slightly, catches light and settles. Preserve five toes, foot anatomy, costume and floor geometry exactly. Tiny rain droplets appear suspended. Camera is completely fixed for this source pass; a precisely controlled tracking move will be added in compositing. No zoom, no cuts, no extra foot, no deformation, no text, no letters, no logos, no watermark. Clean cel linework and soft anime shading remain consistent with the two reference frames. End exactly at the provided contact pose.",1,assets/motion/S20-test.mp4,8,Offline 120 fps interpolation; real micro-camera
S21,560,590,A+C,Codex image_gen; deterministic Canvas2D/three.js; minimax/h3-max/image-to-video,2026102133,"Cinematic cel anime, same girl takes exactly three short barefoot steps forward, one foot contact at 0, 1 and 2 seconds. Camera TRACKS BACKWARDS to keep her ENTIRE body, head and both feet inside frame throughout, low 24mm view, then TILTS UP gently to her face as she looks up at the end. Do not crop the head. Natural alternating feet, five toes each, no deformation. Long coral-cream twin-tails and sash follow through. Preserve identity/outfit/location/night lighting. No text/letters/logos, blank ankle charm, no cuts.",2,assets/motion/S21_take3.mp4,8,
S22,590,621,A+C,Codex image_gen; deterministic Canvas2D/three.js; minimax/h3-max/image-to-video,2026100222,"Cinematic modern anime feature-film cel animation, clean confident linework, soft cel shading and painterly luminous backgrounds. Preserve exact identities, anatomy, costumes, objects, composition and lighting from the source. No text, letters, numbers, logos or watermarks; screens, brooches and tags stay blank. One continuous shot, no cuts, no face morphing, no extra limbs. Camera locked for this source pass; the authored camera move is added in compositing. The girl slowly extends her reaching hand a few centimetres toward the developer, while the developer holds her hand out warmly. Hands remain separated, no contact yet. Underplayed anticipation, subtle breath, slight hair movement. Preserve exactly five fingers per hand and night outside. Keep the performance especially restrained and the background stable.",1,assets/motion/S22_take2.mp4,8,
S23,621,681,A+B+C,Codex image_gen; deterministic Canvas2D/three.js; minimax/h3-max/image-to-video,2026100231,"Cinematic modern anime feature-film cel animation, clean confident linework, soft cel shading and painterly luminous backgrounds. Preserve exact identities, anatomy, costumes, objects, composition and lighting from the source. No text, letters, numbers, logos or watermarks; screens, brooches and tags stay blank. One continuous shot, no cuts, no face morphing, no extra limbs. Camera locked for this source pass; the authored camera move is added in compositing. Their index fingertips remain in exactly the same gentle contact at frame center, a tender shared breath and a barely perceptible tearful smile. Keep the fingertip contact point stationary and all fingers stable. Tiny natural eye and cheek movement only; no reaching or withdrawing.",1,assets/motion/S23_take1.mp4,12,270-degree depth orbit; repaired segmentation and rack focus
S24,681,713,A+C,Codex image_gen; deterministic Canvas2D/three.js; minimax/h3-max/image-to-video,2026100241,"Cinematic modern anime feature-film cel animation, clean confident linework, soft cel shading and painterly luminous backgrounds. Preserve exact identities, anatomy, costumes, objects, composition and lighting from the source. No text, letters, numbers, logos or watermarks; screens, brooches and tags stay blank. One continuous shot, no cuts, no face morphing, no extra limbs. Camera locked for this source pass; the authored camera move is added in compositing. The two girls sprint hand-in-hand forward onto the balcony, laughing naturally, three quick alternating running steps. Their clasp remains secure and anatomically clean, very long twin-tails and coral sash stream behind with overlap. Keep the same outfits and tan shoes.",1,assets/motion/S24_take1.mp4,8,
S25,713,764,A+C (listed fallback),Codex image_gen; deterministic Canvas2D/three.js; minimax/h3-max/image-to-video,2026102501,"A single uninterrupted cinematic anime BULLET-TIME camera orbit from the exact front reference to the exact rear reference. The two girls are FROZEN in the same mid-leap pose, holding hands, knees bent and hair suspended; they do not turn themselves. Only the camera travels in a smooth 180-degree arc around them at constant distance, revealing the sides and then their backs, with strong true parallax among nearby buildings and balcony. Preserve every face, outfit, hand clasp and limb exactly; no morphing or extra fingers. Rain beads and small blank paper scraps hang frozen in air. Feature-film cel anime characters and painterly luminous coral/blue dawn architecture remain consistent. No cuts, no transitions, no text, letters, logos or watermark. Finish in the supplied back view.",1,assets/motion/S25_take1.mp4,16,Primary angle consistency failed; listed front/back i2v orbit fallback (~180 degrees)
S26,764,785,A+B+C,Codex image_gen; deterministic Canvas2D/three.js; minimax/h3-max/image-to-video,2026102601,"Animate ONLY these same two anime girls flying weightlessly while holding hands. Keep identities, costumes, hand clasp, five fingers and bare feet exact. Their very long coral-to-cream twin-tails and coral sash stream strongly in wind with follow-through; the short black bob and hoodie flutter, knees and ankles move gently as they fly. Joyful natural smiles, no large pose change or body rotation. Camera absolutely fixed and composition stable. Background must stay a completely flat uniform chroma GREEN #00FF00, no shadows, no gradients, no scenery or new objects. No text, letters, logos or watermark. Clean feature-film cel anime linework, no morphing or extra limbs.",1,assets/motion/flight_take1.mp4,12,
S27,785,795,A+B+C,Codex image_gen; deterministic Canvas2D/three.js; minimax/h3-max/image-to-video,2026102601,"Animate ONLY these same two anime girls flying weightlessly while holding hands. Keep identities, costumes, hand clasp, five fingers and bare feet exact. Their very long coral-to-cream twin-tails and coral sash stream strongly in wind with follow-through; the short black bob and hoodie flutter, knees and ankles move gently as they fly. Joyful natural smiles, no large pose change or body rotation. Camera absolutely fixed and composition stable. Background must stay a completely flat uniform chroma GREEN #00FF00, no shadows, no gradients, no scenery or new objects. No text, letters, logos or watermark. Clean feature-film cel anime linework, no morphing or extra limbs.",1,assets/motion/flight_take1.mp4,12,
S28,795,816,A+B+C,Codex image_gen; deterministic Canvas2D/three.js; minimax/h3-max/image-to-video,2026102601,"Animate ONLY these same two anime girls flying weightlessly while holding hands. Keep identities, costumes, hand clasp, five fingers and bare feet exact. Their very long coral-to-cream twin-tails and coral sash stream strongly in wind with follow-through; the short black bob and hoodie flutter, knees and ankles move gently as they fly. Joyful natural smiles, no large pose change or body rotation. Camera absolutely fixed and composition stable. Background must stay a completely flat uniform chroma GREEN #00FF00, no shadows, no gradients, no scenery or new objects. No text, letters, logos or watermark. Clean feature-film cel anime linework, no morphing or extra limbs.",1,assets/motion/flight_take1.mp4,12,
S29,816,827,A+C,Codex image_gen; deterministic Canvas2D/three.js; minimax/h3-max/image-to-video,2026100291,"Cinematic modern anime feature-film cel animation, clean confident linework, soft cel shading and painterly luminous backgrounds. Preserve exact identities, anatomy, costumes, objects, composition and lighting from the source. No text, letters, numbers, logos or watermarks; screens, brooches and tags stay blank. One continuous shot, no cuts, no face morphing, no extra limbs. Camera locked for this source pass; the authored camera move is added in compositing. Close flying portrait: fearless joyful grin, wind streams the long hair past camera, bright eyes stable, very slight head lift. Do not rotate the body or change framing. No lip-sync needed.",1,assets/motion/S29_take1.mp4,12,
S30,827,840,A+C,Codex image_gen; deterministic Canvas2D/three.js; minimax/h3-max/image-to-video,2026100301,"Cinematic modern anime feature-film cel animation, clean confident linework, soft cel shading and painterly luminous backgrounds. Preserve exact identities, anatomy, costumes, objects, composition and lighting from the source. No text, letters, numbers, logos or watermarks; screens, brooches and tags stay blank. One continuous shot, no cuts, no face morphing, no extra limbs. Camera locked for this source pass; the authored camera move is added in compositing. Close flying portrait: she laughs joyfully, short black hair blows, a few tears trail sideways, round glasses remain intact and recognizable. No body flip or camera rotation; preserve the face and framing.",1,assets/motion/S30_take1.mp4,12,
S31,840,857,A+B+C,Codex image_gen; deterministic Canvas2D/three.js; minimax/h3-max/image-to-video,2026102601,"Animate ONLY these same two anime girls flying weightlessly while holding hands. Keep identities, costumes, hand clasp, five fingers and bare feet exact. Their very long coral-to-cream twin-tails and coral sash stream strongly in wind with follow-through; the short black bob and hoodie flutter, knees and ankles move gently as they fly. Joyful natural smiles, no large pose change or body rotation. Camera absolutely fixed and composition stable. Background must stay a completely flat uniform chroma GREEN #00FF00, no shadows, no gradients, no scenery or new objects. No text, letters, logos or watermark. Clean feature-film cel anime linework, no morphing or extra limbs.",1,assets/motion/flight_take1.mp4,12,
S32,857,888,A+B+C,Codex image_gen; deterministic Canvas2D/three.js; minimax/h3-max/image-to-video,2026103202,"Quiet weightless floating, same two anime girls holding hands in exactly the same composition. Keep both bare feet and all anatomy clean. Tiny natural breath and hair/sash/hoodie drift only, tender underplayed expressions, calm and nearly still, no large gesture or pose change. Keep the long coral-to-cream twin-tails, black bob, round glasses and outfits identical. Camera completely fixed. Background stays perfectly flat uniform chroma green #00FF00 with no gradients, shadows, scenery or new objects. No text or logos. Clean cel anime linework and soft shading.",1,assets/motion/float_take2.mp4,8,
S33,888,920,B+C,Codex image_gen; deterministic Canvas2D/three.js,not exposed for Codex images; RT.hash01 for code,See production/image-prompts*.json and plan shot specification,0,assets/plates and code; see scene.js,8,
S34,920,1026,A+B+C,Codex image_gen; deterministic Canvas2D/three.js; minimax/h3-max/lip-sync/image-to-video,2026105534,Audio-driven lip-sync; see production/h3_log/lip_test.json,0,assets/motion/lip-test.mp4,16,"Continuous 450-degree helix, 16 samples; mouth-only lip pass for first 1.2 seconds"
S35,1026,1112,B+C,Codex image_gen; deterministic Canvas2D/three.js,not exposed for Codex images; RT.hash01 for code,See production/image-prompts*.json and plan shot specification,0,assets/plates and code; see scene.js,4,Five-layer paper multiplane; 12 fps held artwork
S36,1112,1123,A+C,Codex image_gen; deterministic Canvas2D/three.js; minimax/h3-max/image-to-video,2026100291,"Cinematic modern anime feature-film cel animation, clean confident linework, soft cel shading and painterly luminous backgrounds. Preserve exact identities, anatomy, costumes, objects, composition and lighting from the source. No text, letters, numbers, logos or watermarks; screens, brooches and tags stay blank. One continuous shot, no cuts, no face morphing, no extra limbs. Camera locked for this source pass; the authored camera move is added in compositing. Close flying portrait: fearless joyful grin, wind streams the long hair past camera, bright eyes stable, very slight head lift. Do not rotate the body or change framing. No lip-sync needed.",1,assets/motion/S29_take1.mp4,6,
S37,1123,1132,B+C,Codex image_gen; deterministic Canvas2D/three.js,not exposed for Codex images; RT.hash01 for code,See production/image-prompts*.json and plan shot specification,0,assets/plates and code; see scene.js,6,
S38,1132,1143,A+B+C,Codex image_gen; deterministic Canvas2D/three.js; minimax/h3-max/image-to-video,2026102601,"Animate ONLY these same two anime girls flying weightlessly while holding hands. Keep identities, costumes, hand clasp, five fingers and bare feet exact. Their very long coral-to-cream twin-tails and coral sash stream strongly in wind with follow-through; the short black bob and hoodie flutter, knees and ankles move gently as they fly. Joyful natural smiles, no large pose change or body rotation. Camera absolutely fixed and composition stable. Background must stay a completely flat uniform chroma GREEN #00FF00, no shadows, no gradients, no scenery or new objects. No text, letters, logos or watermark. Clean feature-film cel anime linework, no morphing or extra limbs.",1,assets/motion/flight_take1.mp4,6,
S39,1143,1153,B+C,Codex image_gen; deterministic Canvas2D/three.js,not exposed for Codex images; RT.hash01 for code,See production/image-prompts*.json and plan shot specification,0,assets/plates and code; see scene.js,6,
S40,1153,1164,B+C,Codex image_gen; deterministic Canvas2D/three.js,not exposed for Codex images; RT.hash01 for code,See production/image-prompts*.json and plan shot specification,0,assets/plates and code; see scene.js,6,
S41,1164,1173,C,Codex image_gen; deterministic Canvas2D/three.js,not exposed for Codex images; RT.hash01 for code,See production/image-prompts*.json and plan shot specification,0,assets/plates and code; see scene.js,6,
S42,1173,1188,A+C,Codex image_gen; deterministic Canvas2D/three.js; minimax/h3-max/image-to-video,2026100422,"Cinematic modern anime feature-film cel animation, clean confident linework, soft cel shading and painterly luminous backgrounds. Preserve exact identities, anatomy, costumes, objects, composition and lighting from the source. No text, letters, numbers, logos or watermarks; screens, brooches and tags stay blank. One continuous shot, no cuts, no face morphing, no extra limbs. Camera locked for this source pass; the authored camera move is added in compositing. The two girls hold a tender joyful hug while floating, shoulders breathe and the long hair swirls gently around them. Keep the existing arms, hands and bodies exactly coherent, no new limbs, no change of identity. Underplayed smiles. Keep the performance especially restrained and the background stable.",1,assets/motion/S42_take2.mp4,6,
S43,1188,1197,C,Codex image_gen; deterministic Canvas2D/three.js,not exposed for Codex images; RT.hash01 for code,See production/image-prompts*.json and plan shot specification,0,assets/plates and code; see scene.js,6,
S44,1197,1311,A+B+C,Codex image_gen; deterministic Canvas2D/three.js; minimax/h3-max/image-to-video,2026100442,"Cinematic modern anime feature-film cel animation, clean confident linework, soft cel shading and painterly luminous backgrounds. Preserve exact identities, anatomy, costumes, objects, composition and lighting from the source. No text, letters, numbers, logos or watermarks; screens, brooches and tags stay blank. One continuous shot, no cuts, no face morphing, no extra limbs. Camera locked for this source pass; the authored camera move is added in compositing. Quiet dawn in grass: Opus gently wiggles the toes of the near bare foot once, ankle tag catches a tiny glint, both girls breathe peacefully and smile softly. A light breeze moves grass and hair. Keep foot anatomy and all five toes clean. Camera locked; a real crane rig is added later. No large body motion. Keep the performance especially restrained and the background stable.",1,assets/motion/S44_take2.mp4,8,Depth-displaced live plate; crane-away; original foreground grass; cream end-card
